ID,label
00000.jpeg,0
00001.jpeg,1
00002.jpeg,0
00003.jpeg,0
00004.jpeg,0
00005.jpeg,0
00006.jpeg,0
00007.jpeg,0
00008.jpeg,1
00009.jpeg,0
00010.jpeg,0
00011.jpeg,0
00012.jpeg,0
00013.jpeg,0
00014.jpeg,0
00015.jpeg,1
00016.jpeg,0
00017.jpeg,1
00018.jpeg,0
00019.jpeg,0
00020.jpeg,0
00021.jpeg,0
00022.jpeg,0
00023.jpeg,0
00024.jpeg,0
00025.jpeg,0
00026.jpeg,0
00027.jpeg,1
00028.jpeg,0
00029.jpeg,1
00030.jpeg,0
00031.jpeg,0
00032.jpeg,0
00033.jpeg,0
00034.jpeg,0
00035.jpeg,0
00036.jpeg,0
00037.jpeg,1
00038.jpeg,0
00039.jpeg,1
00040.jpeg,1
00041.jpeg,0
00042.jpeg,0
00043.jpeg,1
00044.jpeg,0
00045.jpeg,1
00046.jpeg,0
00047.jpeg,0
00048.jpeg,0
00049.jpeg,0
00050.jpeg,0
00051.jpeg,0
00052.jpeg,0
00053.jpeg,0
00054.jpeg,0
00055.jpeg,0
00056.jpeg,0
00057.jpeg,0
00058.jpeg,1
00059.jpeg,0
00060.jpeg,0
00061.jpeg,0
00062.jpeg,1
00063.jpeg,0
00064.jpeg,0
00065.jpeg,0
00066.jpeg,0
00067.jpeg,0
00068.jpeg,0
00069.jpeg,0
00070.jpeg,0
00071.jpeg,0
00072.jpeg,0
00073.jpeg,0
00074.jpeg,0
00075.jpeg,1
00076.jpeg,0
00077.jpeg,0
00078.jpeg,0
00079.jpeg,0
00080.jpeg,0
00081.jpeg,0
00082.jpeg,1
00083.jpeg,0
00084.jpeg,0
00085.jpeg,0
00086.jpeg,0
00087.jpeg,0
00088.jpeg,0
00089.jpeg,1
00090.jpeg,0
00091.jpeg,0
00092.jpeg,0
00093.jpeg,0
00094.jpeg,1
00095.jpeg,0
00096.jpeg,1
00097.jpeg,1
00098.jpeg,0
00099.jpeg,0
00100.jpeg,0
00101.jpeg,0
00102.jpeg,0
00103.jpeg,0
00104.jpeg,0
00105.jpeg,1
00106.jpeg,0
00107.jpeg,0
00108.jpeg,0
00109.jpeg,0
00110.jpeg,0
00111.jpeg,0
00112.jpeg,0
00113.jpeg,0
00114.jpeg,0
00115.jpeg,0
00116.jpeg,1
00117.jpeg,0
00118.jpeg,0
00119.jpeg,0
00120.jpeg,0
00121.jpeg,0
00122.jpeg,1
00123.jpeg,0
00124.jpeg,1
00125.jpeg,0
00126.jpeg,0
00127.jpeg,1
00128.jpeg,1
00129.jpeg,0
00130.jpeg,0
00131.jpeg,0
00132.jpeg,0
00133.jpeg,1
00134.jpeg,0
00135.jpeg,1
00136.jpeg,0
00137.jpeg,1
00138.jpeg,1
00139.jpeg,1
00140.jpeg,0
00141.jpeg,0
00142.jpeg,1
00143.jpeg,0
00144.jpeg,1
00145.jpeg,0
00146.jpeg,0
00147.jpeg,0
00148.jpeg,0
00149.jpeg,0
00150.jpeg,0
00151.jpeg,0
00152.jpeg,0
00153.jpeg,1
00154.jpeg,0
00155.jpeg,1
00156.jpeg,0
00157.jpeg,0
00158.jpeg,0
00159.jpeg,0
00160.jpeg,0
00161.jpeg,0
00162.jpeg,0
00163.jpeg,0
00164.jpeg,0
00165.jpeg,0
00166.jpeg,0
00167.jpeg,0
00168.jpeg,0
00169.jpeg,0
00170.jpeg,0
00171.jpeg,0
00172.jpeg,1
00173.jpeg,0
00174.jpeg,0
00175.jpeg,0
00176.jpeg,0
00177.jpeg,0
00178.jpeg,0
00179.jpeg,0
00180.jpeg,0
00181.jpeg,0
00182.jpeg,0
00183.jpeg,0
00184.jpeg,1
00185.jpeg,0
00186.jpeg,1
00187.jpeg,1
00188.jpeg,0
00189.jpeg,0
00190.jpeg,0
00191.jpeg,0
00192.jpeg,0
00193.jpeg,0
00194.jpeg,0
00195.jpeg,0
00196.jpeg,0
00197.jpeg,0
00198.jpeg,0
00199.jpeg,0
00200.jpeg,0
00201.jpeg,0
00202.jpeg,0
00203.jpeg,0
00204.jpeg,0
00205.jpeg,0
00206.jpeg,0
00207.jpeg,0
00208.jpeg,0
00209.jpeg,0
00210.jpeg,0
00211.jpeg,0
00212.jpeg,0
00213.jpeg,1
00214.jpeg,0
00215.jpeg,1
00216.jpeg,0
00217.jpeg,1
00218.jpeg,0
00219.jpeg,0
00220.jpeg,0
00221.jpeg,0
00222.jpeg,0
00223.jpeg,0
00224.jpeg,1
00225.jpeg,1
00226.jpeg,1
00227.jpeg,0
00228.jpeg,0
00229.jpeg,0
00230.jpeg,1
00231.jpeg,0
00232.jpeg,0
00233.jpeg,0
00234.jpeg,1
00235.jpeg,0
00236.jpeg,0
00237.jpeg,1
00238.jpeg,0
00239.jpeg,0
00240.jpeg,0
00241.jpeg,0
00242.jpeg,0
00243.jpeg,1
00244.jpeg,0
00245.jpeg,0
00246.jpeg,0
00247.jpeg,0
00248.jpeg,0
00249.jpeg,0
00250.jpeg,0
00251.jpeg,0
00252.jpeg,1
00253.jpeg,1
00254.jpeg,0
00255.jpeg,0
00256.jpeg,1
00257.jpeg,1
00258.jpeg,0
00259.jpeg,0
00260.jpeg,0
00261.jpeg,0
00262.jpeg,0
00263.jpeg,0
00264.jpeg,0
00265.jpeg,0
00266.jpeg,0
00267.jpeg,0
00268.jpeg,0
00269.jpeg,0
00270.jpeg,0
00271.jpeg,0
00272.jpeg,0
00273.jpeg,0
00274.jpeg,0
00275.jpeg,0
00276.jpeg,0
00277.jpeg,0
00278.jpeg,0
00279.jpeg,1
00280.jpeg,0
00281.jpeg,0
00282.jpeg,1
00283.jpeg,0
00284.jpeg,0
00285.jpeg,0
00286.jpeg,1
00287.jpeg,1
00288.jpeg,0
00289.jpeg,0
00290.jpeg,0
00291.jpeg,0
00292.jpeg,0
00293.jpeg,0
00294.jpeg,1
00295.jpeg,0
00296.jpeg,0
00297.jpeg,0
00298.jpeg,0
00299.jpeg,0
00300.jpeg,0
00301.jpeg,0
00302.jpeg,0
00303.jpeg,0
00304.jpeg,0
00305.jpeg,1
00306.jpeg,0
00307.jpeg,0
00308.jpeg,0
00309.jpeg,0
00310.jpeg,0
00311.jpeg,0
00312.jpeg,0
00313.jpeg,0
00314.jpeg,0
00315.jpeg,0
00316.jpeg,1
00317.jpeg,0
00318.jpeg,0
00319.jpeg,1
00320.jpeg,0
00321.jpeg,0
00322.jpeg,0
00323.jpeg,0
00324.jpeg,1
00325.jpeg,0
00326.jpeg,1
00327.jpeg,0
00328.jpeg,0
00329.jpeg,0
00330.jpeg,0
00331.jpeg,0
00332.jpeg,0
00333.jpeg,0
00334.jpeg,0
00335.jpeg,0
00336.jpeg,1
00337.jpeg,0
00338.jpeg,0
00339.jpeg,0
00340.jpeg,0
00341.jpeg,0
00342.jpeg,0
00343.jpeg,0
00344.jpeg,1
00345.jpeg,0
00346.jpeg,0
00347.jpeg,1
00348.jpeg,1
00349.jpeg,0
00350.jpeg,0
00351.jpeg,1
00352.jpeg,1
00353.jpeg,0
00354.jpeg,0
00355.jpeg,0
00356.jpeg,0
00357.jpeg,0
00358.jpeg,0
00359.jpeg,0
00360.jpeg,0
00361.jpeg,0
00362.jpeg,0
00363.jpeg,0
00364.jpeg,0
00365.jpeg,1
00366.jpeg,0
00367.jpeg,0
00368.jpeg,0
00369.jpeg,0
00370.jpeg,0
00371.jpeg,1
00372.jpeg,0
00373.jpeg,0
00374.jpeg,0
00375.jpeg,0
00376.jpeg,0
00377.jpeg,1
00378.jpeg,0
00379.jpeg,0
00380.jpeg,0
00381.jpeg,0
00382.jpeg,0
00383.jpeg,0
00384.jpeg,0
00385.jpeg,0
00386.jpeg,0
00387.jpeg,0
00388.jpeg,0
00389.jpeg,0
00390.jpeg,0
00391.jpeg,0
00392.jpeg,1
00393.jpeg,0
00394.jpeg,1
00395.jpeg,0
00396.jpeg,0
00397.jpeg,1
00398.jpeg,1
00399.jpeg,1
00400.jpeg,0
00401.jpeg,1
00402.jpeg,0
00403.jpeg,0
00404.jpeg,0
00405.jpeg,0
00406.jpeg,0
00407.jpeg,0
00408.jpeg,0
00409.jpeg,0
00410.jpeg,0
00411.jpeg,0
00412.jpeg,0
00413.jpeg,0
00414.jpeg,0
00415.jpeg,0
00416.jpeg,0
00417.jpeg,0
00418.jpeg,0
00419.jpeg,0
00420.jpeg,0
00421.jpeg,1
00422.jpeg,0
00423.jpeg,0
00424.jpeg,0
00425.jpeg,1
00426.jpeg,0
00427.jpeg,0
00428.jpeg,0
00429.jpeg,0
00430.jpeg,0
00431.jpeg,0
00432.jpeg,1
00433.jpeg,0
00434.jpeg,0
00435.jpeg,0
00436.jpeg,0
00437.jpeg,0
00438.jpeg,1
00439.jpeg,0
00440.jpeg,0
00441.jpeg,0
00442.jpeg,0
00443.jpeg,0
00444.jpeg,0
00445.jpeg,0
00446.jpeg,0
00447.jpeg,0
00448.jpeg,0
00449.jpeg,0
00450.jpeg,0
00451.jpeg,0
00452.jpeg,0
00453.jpeg,0
00454.jpeg,0
00455.jpeg,0
00456.jpeg,0
00457.jpeg,0
00458.jpeg,0
00459.jpeg,0
00460.jpeg,1
00461.jpeg,0
00462.jpeg,1
00463.jpeg,0
00464.jpeg,1
00465.jpeg,1
00466.jpeg,0
00467.jpeg,0
00468.jpeg,0
00469.jpeg,0
00470.jpeg,0
00471.jpeg,0
00472.jpeg,0
00473.jpeg,0
00474.jpeg,0
00475.jpeg,0
00476.jpeg,0
00477.jpeg,1
00478.jpeg,0
00479.jpeg,0
00480.jpeg,0
00481.jpeg,0
00482.jpeg,0
00483.jpeg,0
00484.jpeg,0
00485.jpeg,0
00486.jpeg,1
00487.jpeg,0
00488.jpeg,0
00489.jpeg,0
00490.jpeg,0
00491.jpeg,1
00492.jpeg,0
00493.jpeg,0
00494.jpeg,1
00495.jpeg,0
00496.jpeg,0
00497.jpeg,0
00498.jpeg,0
00499.jpeg,1
00500.jpeg,0
00501.jpeg,0
00502.jpeg,1
00503.jpeg,0
00504.jpeg,0
00505.jpeg,0
00506.jpeg,0
00507.jpeg,0
00508.jpeg,0
00509.jpeg,0
00510.jpeg,0
00511.jpeg,0
00512.jpeg,0
00513.jpeg,0
00514.jpeg,0
00515.jpeg,0
00516.jpeg,1
00517.jpeg,0
00518.jpeg,0
00519.jpeg,0
00520.jpeg,0
00521.jpeg,0
00522.jpeg,0
00523.jpeg,0
00524.jpeg,0
00525.jpeg,0
00526.jpeg,0
00527.jpeg,0
00528.jpeg,0
00529.jpeg,0
00530.jpeg,0
00531.jpeg,0
00532.jpeg,0
00533.jpeg,0
00534.jpeg,0
00535.jpeg,1
00536.jpeg,1
00537.jpeg,1
00538.jpeg,0
00539.jpeg,0
00540.jpeg,0
00541.jpeg,0
00542.jpeg,0
00543.jpeg,0
00544.jpeg,0
00545.jpeg,0
00546.jpeg,1
00547.jpeg,0
00548.jpeg,0
00549.jpeg,0
00550.jpeg,0
00551.jpeg,0
00552.jpeg,0
00553.jpeg,1
00554.jpeg,0
00555.jpeg,0
00556.jpeg,0
00557.jpeg,0
00558.jpeg,0
00559.jpeg,0
00560.jpeg,0
00561.jpeg,1
00562.jpeg,0
00563.jpeg,1
00564.jpeg,0
00565.jpeg,0
00566.jpeg,0
00567.jpeg,0
00568.jpeg,0
00569.jpeg,0
00570.jpeg,0
00571.jpeg,1
00572.jpeg,0
00573.jpeg,0
00574.jpeg,0
00575.jpeg,0
00576.jpeg,1
00577.jpeg,1
00578.jpeg,0
00579.jpeg,1
00580.jpeg,0
00581.jpeg,0
00582.jpeg,0
00583.jpeg,0
00584.jpeg,0
00585.jpeg,0
00586.jpeg,0
00587.jpeg,1
00588.jpeg,0
00589.jpeg,0
00590.jpeg,0
00591.jpeg,1
00592.jpeg,0
00593.jpeg,0
00594.jpeg,0
00595.jpeg,0
00596.jpeg,0
00597.jpeg,0
00598.jpeg,0
00599.jpeg,1
00600.jpeg,0
00601.jpeg,0
00602.jpeg,1
00603.jpeg,0
00604.jpeg,1
00605.jpeg,0
00606.jpeg,0
00607.jpeg,0
00608.jpeg,1
00609.jpeg,1
00610.jpeg,1
00611.jpeg,1
00612.jpeg,0
00613.jpeg,0
00614.jpeg,0
00615.jpeg,0
00616.jpeg,0
00617.jpeg,0
00618.jpeg,0
00619.jpeg,0
00620.jpeg,0
00621.jpeg,0
00622.jpeg,0
00623.jpeg,0
